{
  "project_info": {
    "project_number": "1023638854209",
    "firebase_url": "https://pp-5df1b.firebaseio.com",
    "project_id": "pp-5df1b",
    "storage_bucket": "pp-5df1b.appspot.com"
  },
  "client": [
    {
      "client_info": {
        "mobilesdk_app_id": "1:1023638854209:android:d5cf3c3a5d871b2c6444c0",
        "android_client_info": {
          "package_name": "edu.skku.map.a2017311456_pp"
        }
      },
      "oauth_client": [
        {
          "client_id": "1023638854209-165skhg27et7a2c82rvl0c6mo69jbjuq.apps.googleusercontent.com",
          "client_type": 3
        }
      ],
      "api_key": [
        {
          "current_key": "AIzaSyAoBHKqnMc0MB23X2gDBBZZk4bawn-nvWo"
        }
      ],
      "services": {
        "appinvite_service": {
          "other_platform_oauth_client": [
            {
              "client_id": "1023638854209-165skhg27et7a2c82rvl0c6mo69jbjuq.apps.googleusercontent.com",
              "client_type": 3
            }
          ]
        }
      }
    }
  ],
  "configuration_version": "1"
}